Cluster_ID,Participant_Count,Percentage
2,15,19.736842105263158
3,20,26.31578947368421
0,26,34.21052631578947
1,15,19.736842105263158
