Cluster_ID,Participant_Count,Percentage
1,16,21.052631578947366
2,15,19.736842105263158
3,11,14.473684210526317
0,34,44.73684210526316
