Acoustic_Cluster,Perceptual_Cluster,Similarity_Score
0,0,0.9995700549849551
1,1,0.9997089419593258
2,2,0.9987717421914805
3,3,0.9984734303773584
