Acoustic_Cluster,Perceptual_Cluster,Similarity_Score
0,3,0.5257905838355553
1,0,0.6788838469218728
2,1,0.6733969085419305
3,2,0.5367786425192123
