cluster_id,count,proportion
2,15,0.19736842105263158
3,20,0.2631578947368421
0,26,0.34210526315789475
1,15,0.19736842105263158
