cluster_id,count,proportion
2,15,0.19736842105263158
0,30,0.39473684210526316
1,15,0.19736842105263158
3,16,0.21052631578947367
