Cluster_ID,Participant_Count,Percentage
1,36,47.368421052631575
2,15,19.736842105263158
3,11,14.473684210526317
0,14,18.421052631578945
