Acoustic_Cluster,Perceptual_Cluster,Similarity
0,3,0.5210488202682513
1,0,0.6532206640756347
2,1,0.6163935920504973
3,2,0.5306613283373735
