Acoustic_Cluster,Perceptual_Cluster,Similarity
0,3,0.9838192745675456
1,0,0.9749535158433716
2,1,0.9744570934730925
3,2,0.9755239897058037
