Acoustic_Cluster,Perceptual_Cluster,Similarity_Score
0,3,0.04858175952478978
1,0,0.3668500800075841
2,1,0.22505421926515787
3,2,0.05535867996463783
