Acoustic_Cluster,Perceptual_Cluster,Similarity_Score
0,2,-0.1860069691654697
1,3,-0.14269102164889788
2,1,0.22505421926515787
3,0,-0.3583646980335119
