cluster_id,count,proportion
1,16,0.21052631578947367
2,15,0.19736842105263158
3,11,0.14473684210526316
0,34,0.4473684210526316
