Acoustic_Cluster,Perceptual_Cluster,Similarity
0,3,0.528652749583578
1,0,0.6607419212373489
2,1,0.5785584642145158
3,2,0.5819226122131652
