Cluster_ID,Participant_Count,Percentage
2,15,19.736842105263158
0,30,39.473684210526315
1,15,19.736842105263158
3,16,21.052631578947366
